row,col,gray_value
0,0,0.17655896953507966
0,1,0.1778460932712929
0,2,0.17908145680147058
0,3,0.1810552858838848
0,4,0.18187596938189338
0,5,0.18409585391773897
0,6,0.18647957596124387
0,7,0.18726944268918505
0,8,0.18579185336243872
0,9,0.1846901687921262
0,10,0.18672611012178308
0,11,0.19081612381280638
0,12,0.19192983589920343
0,13,0.19305671243106617
0,14,0.1933255064721201
0,15,0.1938916374655331
0,16,0.19513926786534927
0,17,0.19429046032475492
0,18,0.19357012580422794
0,19,0.19122482000612745
0,20,0.18851731244255515
0,21,0.18721295525045956
0,22,0.1862658332375919
0,23,0.18458293839996937
0,24,0.18150287702971812
0,25,0.1783227060355392
0,26,0.17560065774356617
0,27,0.17411319508272058
0,28,0.1734958424287684
0,29,0.1773184383616728
0,30,0.17855487898284314
0,31,0.17837536381740196
0,32,0.179550230736826
0,33,0.18515995998008578
0,34,0.1861907958984375
0,35,0.18759143305759804
0,36,0.18888968673406864
0,37,0.19004193474264705
0,38,0.1912747252221201
0,39,0.19194162406173407
0,40,0.19216200884650736
0,41,0.19226888020833333
0,42,0.1918109370212929
0,43,0.1912924373851103
0,44,0.1912960276884191
0,45,0.19110185211780026
0,46,0.1913598154105392
0,47,0.19214591232000613
0,48,0.19187669941023283
0,49,0.19141564462699143
0,50,0.1919097900390625
0,51,0.19002452177159926
0,52,0.1875012566061581
0,53,0.18806439568014705
0,54,0.186354035022212
0,55,0.18380533854166667
0,56,0.18171602136948528
0,57,0.18137895172717525
0,58,0.1786339853324142
0,59,0.17837297028186275
0,60,0.17885311351102942
0,61,0.17743476418887869
0,62,0.1764029110179228
0,63,0.17521499932981005
1,0,0.12896339566099876
1,1,0.1288165522556679
1,2,0.1287722718481924
1,3,0.1279523064108456
1,4,0.12665596756280637
1,5,0.12553932339537377
1,6,0.12450890634574142
1,7,0.1233938778147978
1,8,0.12332159304151348
1,9,0.12277945724188112
1,10,0.1251214719286152
1,11,0.1254717658547794
1,12,0.12938376034007354
1,13,0.1310977711397059
1,14,0.13264148188572303
1,15,0.13128003887101716
1,16,0.13047987994025737
1,17,0.12730772729013481
1,18,0.12666033576516544
1,19,0.12609599992340687
1,20,0.13006059235217524
1,21,0.12536633061427696
1,22,0.11803247788373161
1,23,0.11144050149356617
1,24,0.11349960027956495
1,25,0.12009055941712622
1,26,0.12625146005667892
1,27,0.13323998544730392
1,28,0.13869341681985295
1,29,0.14517325607000614
1,30,0.1509292901731005
1,31,0.15459283566942403
1,32,0.15516674565333946
1,33,0.15764776491651347
1,34,0.15862618240655638
1,35,0.16057505888097426
1,36,0.15720376407398898
1,37,0.15563151041666667
1,38,0.15219983867570466
1,39,0.1478625727634804
1,40,0.1437097287645527
1,41,0.1434350107230392
1,42,0.14433916877297795
1,43,0.14429093903186274
1,44,0.1427080939797794
1,45,0.1430518056832108
1,46,0.14313551958869486
1,47,0.14169999664905025
1,48,0.14017489564185048
1,49,0.13812734566482843
1,50,0.135171448950674
1,51,0.13132102816712624
1,52,0.12897273044960172
1,53,0.12594395057827817
1,54,0.1239865172143076
1,55,0.12324039234834559
1,56,0.12300570618872549
1,57,0.12268060422411152
1,58,0.1231734930300245
1,59,0.12402487362132353
1,60,0.12407501819087009
1,61,0.12541300455729168
1,62,0.1271468817018995
1,63,0.12820632036994487
2,0,0.11342246859681372
2,1,0.11481700224034927
2,2,0.11382930980009191
2,3,0.11251112994025736
2,4,0.1124383664598652
2,5,0.11380513509114583
2,6,0.11576992857689951
2,7,0.1157647824754902
2,8,0.11201554840686274
2,9,0.11562829111136642
2,10,0.11704035740272671
2,11,0.11702479942172181
2,12,0.11735498764935662
2,13,0.1176104975681679
2,14,0.11612441119025735
2,15,0.11428701363357843
2,16,0.11253147499234069
2,17,0.11021124147901348
2,18,0.10760881012561274
2,19,0.10632862764246323
2,20,0.10521090638403799
2,21,0.1041989195580576
2,22,0.10451360964307597
2,23,0.10282359403722427
2,24,0.10280408672257965
2,25,0.10270457548253677
2,26,0.10280905330882353
2,27,0.10315809062882966
2,28,0.10507148293887868
2,29,0.10712196499693627
2,30,0.11004447189031863
2,31,0.1120376886106005
2,32,0.114312744140625
2,33,0.11744217218137255
2,34,0.11795815860523898
2,35,0.11956960640701593
2,36,0.12047561944699754
2,37,0.12101709702435662
2,38,0.12258827359068628
2,39,0.12272296980315564
2,40,0.1241519105200674
2,41,0.12506905350030637
2,42,0.12619676776960784
2,43,0.12657590379901962
2,44,0.12682680616191788
2,45,0.1283136106004902
2,46,0.129368621227788
2,47,0.13088001924402573
2,48,0.1314495610255821
2,49,0.1314313103170956
2,50,0.13165259267769608
2,51,0.1311300838694853
2,52,0.13050010531556372
2,53,0.1296160529641544
2,54,0.12848803950291054
2,55,0.12629310757506126
2,56,0.12446079628140319
2,57,0.12167627671185662
2,58,0.11944795496323529
2,59,0.1185083127489277
2,60,0.11785972445618872
2,61,0.11684606215533089
2,62,0.1127737606272978
2,63,0.11276412664675245
3,0,0.12052983302696078
3,1,0.12097467160692402
3,2,0.1216455197801777
3,3,0.12231786391314338
3,4,0.12323345109528186
3,5,0.12402936150045955
3,6,0.12533617206648284
3,7,0.12786147173713236
3,8,0.1294720818014706
3,9,0.13260904947916666
3,10,0.13456408930759803
3,11,0.13554914885876226
3,12,0.13813889447380515
3,13,0.13827287262561275
3,14,0.13568863214231006
3,15,0.13145195456112133
3,16,0.12554405062806373
3,17,0.11865551518458946
3,18,0.11416847378599877
3,19,0.11084062164905024
3,20,0.10750989726945466
3,21,0.10485379088158701
3,22,0.10415918686810662
3,23,0.10233088474647671
3,24,0.10194432875689338
3,25,0.10100013882506127
3,26,0.10140309053308824
3,27,0.10190076641007965
3,28,0.10400408576516544
3,29,0.10565197514552696
3,30,0.10841010598575368
3,31,0.11132908241421569
3,32,0.11447179457720588
3,33,0.11717720779718137
3,34,0.11921332864200368
3,35,0.12177848067938113
3,36,0.12392560173483456
3,37,0.12507946537990197
3,38,0.1258783078661152
3,39,0.1270847096162684
3,40,0.12698729271982231
3,41,0.12837542365579044
3,42,0.13049304438572304
3,43,0.13159526750153186
3,44,0.13389024921492035
3,45,0.13551360485600492
3,46,0.13771428126914828
3,47,0.14017375871246937
3,48,0.14070727778416053
3,49,0.14002398322610293
3,50,0.13958776137408088
3,51,0.13751292509191176
3,52,0.13581698548560048
3,53,0.13349555520450368
3,54,0.1321307612400429
3,55,0.12935084922640933
3,56,0.12690250172334558
3,57,0.12678785137101717
3,58,0.12510699103860295
3,59,0.12372023638556985
3,60,0.12347974590226715
3,61,0.12330160701976103
3,62,0.12152368882123162
3,63,0.12161470301011029
4,0,0.12947848450903798
4,1,0.13026015337775734
4,2,0.13139145795036763
4,3,0.13389509612438724
4,4,0.13640130734911152
4,5,0.14009453268612132
4,6,0.1438739253025429
4,7,0.14758270862055758
4,8,0.1503905651616115
4,9,0.15266095329733456
4,10,0.15409869025735295
4,11,0.1563207888135723
4,12,0.15898934158624387
4,13,0.15952836578967525
4,14,0.1589105344286152
4,15,0.15520282820159315
4,16,0.1494458366842831
4,17,0.14209744322533702
4,18,0.1337414311427696
4,19,0.12461918849571078
4,20,0.11698769962086397
4,21,0.11198287664675245
4,22,0.10859386967677696
4,23,0.10654685824525123
4,24,0.10493217917049633
4,25,0.10421519559972427
4,26,0.10273263968673407
4,27,0.10302046233532476
4,28,0.10345345291436887
4,29,0.10757847206265318
4,30,0.10779586492800246
4,31,0.11286704867493873
4,32,0.11533035577512254
4,33,0.1190072452320772
4,34,0.1230691348805147
4,35,0.12606847426470588
4,36,0.1287521063112745
4,37,0.13050357594209558
4,38,0.1314453125
4,39,0.13124461454503678
4,40,0.13174881280637254
4,41,0.13334159103094362
4,42,0.1345801259957108
4,43,0.13735602883731618
4,44,0.14134599274280024
4,45,0.14454668830422795
4,46,0.14531381644454658
4,47,0.1441906498927696
4,48,0.14111154593673406
4,49,0.13940597234987745
4,50,0.13625715667126226
4,51,0.13453010110294117
4,52,0.13328025668275123
4,53,0.13191061580882352
4,54,0.1303219065946691
4,55,0.1297753427542892
4,56,0.12941547468596815
4,57,0.12992912741268384
4,58,0.13092477835860908
4,59,0.1315542782054228
4,60,0.13228987151501226
4,61,0.1314522537530637
4,62,0.13126053155637254
4,63,0.12958391974954045
5,0,0.1334969913258272
5,1,0.1358099245557598
5,2,0.138479674096201
5,3,0.14100389667585783
5,4,0.14549117742800244
5,5,0.1514080571193321
5,6,0.1580611883425245
5,7,0.16397322112438725
5,8,0.16988944259344363
5,9,0.17526801614200369
5,10,0.179859894397212
5,11,0.18305837593826593
5,12,0.18399765912224264
5,13,0.1863873650045956
5,14,0.19319021187576593
5,15,0.19060615090762867
5,16,0.17587651271446078
5,17,0.16104610667509192
5,18,0.15286847282858457
5,19,0.14422972436044731
5,20,0.13528675752527575
5,21,0.1254369997510723
5,22,0.1193225337009804
5,23,0.1155914306640625
5,24,0.11209812538296568
5,25,0.10922414742264093
5,26,0.10693383310355392
5,27,0.10650281719132966
5,28,0.10723703421798407
5,29,0.1084719788794424
5,30,0.11091440238204657
5,31,0.11440543380438113
5,32,0.11833005418964461
5,33,0.12228345683976716
5,34,0.12639064414828433
5,35,0.13173516965379903
5,36,0.13580771053538604
5,37,0.13893151376761642
5,38,0.1403164732689951
5,39,0.13911114860983456
5,40,0.139212095971201
5,41,0.13937228333716298
5,42,0.14350137149586398
5,43,0.1470724666819853
5,44,0.14985794366574756
5,45,0.14923131606158088
5,46,0.14508469525505516
5,47,0.14091126685049019
5,48,0.1360648360906863
5,49,0.13273309445848652
5,50,0.12923625871246935
5,51,0.1266769109987745
5,52,0.12618126962699142
5,53,0.12589302810968137
5,54,0.12595143037683823
5,55,0.12731604482613357
5,56,0.12967182234221813
5,57,0.13279000076593137
5,58,0.1361337699142157
5,59,0.13950506472120097
5,60,0.13935098087086398
5,61,0.1377511417164522
5,62,0.1355685963350184
5,63,0.13394589891620712
6,0,0.13593163583792892
6,1,0.13788158940333947
6,2,0.14036081351485907
6,3,0.1431918873506434
6,4,0.14835653866038603
6,5,0.15534081552542892
6,6,0.16764352835860907
6,7,0.17735727347579658
6,8,0.18770985322840072
6,9,0.19856573366651348
6,10,0.20750935872395834
6,11,0.21481754078584558
6,12,0.2169839298023897
6,13,0.2264285816865809
6,14,0.23886192172181372
6,15,0.2350338804955576
6,16,0.21080860811121324
6,17,0.17805068072150734
6,18,0.16358971689261642
6,19,0.15811330757889094
6,20,0.1710290048636642
6,21,0.14867266486672795
6,22,0.1361718271292892
6,23,0.12851000019148284
6,24,0.12160752240349265
6,25,0.11602687461703431
6,26,0.1133963192210478
6,27,0.11208998736213235
6,28,0.11107626522288602
6,29,0.11272080365349264
6,30,0.1147088742723652
6,31,0.11899180692784926
6,32,0.12285467409620097
6,33,0.12887962191712624
6,34,0.13341028550091913
6,35,0.1378304275811887
6,36,0.14341143439797793
6,37,0.15153922286688112
6,38,0.15060927447150735
6,39,0.15258980545343137
6,40,0.15290264054840685
6,41,0.1517156862745098
6,42,0.15155843098958333
6,43,0.1542153751148897
6,44,0.1543042351217831
6,45,0.15077861711090687
6,46,0.14312217562806373
6,47,0.13513093836167278
6,48,0.1272171319699755
6,49,0.1213333429074755
6,50,0.11742673387714461
6,51,0.11410606234681372
6,52,0.11533119351256127
6,53,0.1168441473268995
6,54,0.1216311585669424
6,55,0.1259042178883272
6,56,0.1311010622510723
6,57,0.13564919864430147
6,58,0.13880968280867034
6,59,0.14099133061427696
6,60,0.14347641888786763
6,61,0.14423875995710783
6,62,0.1397213206571691
6,63,0.13468783509497548
7,0,0.13760346057368258
7,1,0.14024263269761028
7,2,0.14138536640242033
7,3,0.14180088417202819
7,4,0.14582405838311888
7,5,0.15317616182215074
7,6,0.1681872797947304
7,7,0.18823158413756128
7,8,0.20529605641084558
7,9,0.22228435441559435
7,10,0.2485040402879902
7,11,0.26679316501991424
7,12,0.2949320475260417
7,13,0.2758655024509804
7,14,0.26612524892769607
7,15,0.2625466141046262
7,16,0.24854072122012869
7,17,0.2660478180530024
7,18,0.22944754806219364
7,19,0.22658248602175246
7,20,0.2236605775122549
7,21,0.20039798512178308
7,22,0.16202990962009803
7,23,0.14198734059053308
7,24,0.13241690841375614
7,25,0.12470523609834559
7,26,0.12039316214767157
7,27,0.11892215504365809
7,28,0.11563295850566789
7,29,0.11759224685968138
7,30,0.12100830078125
7,31,0.125558411841299
7,32,0.13048347024356619
7,33,0.137808287377451
7,34,0.14378093644684437
7,35,0.14794473087086396
7,36,0.1512716854319853
7,37,0.1511056339039522
7,38,0.16421000162760416
7,39,0.17555398380055148
7,40,0.17306847665824143
7,41,0.17645437203201594
7,42,0.1678241206150429
7,43,0.1612570369944853
7,44,0.15708594228707107
7,45,0.15346571978400736
7,46,0.14552402870327819
7,47,0.13277587890625
7,48,0.12243598489200368
7,49,0.11585244571461398
7,50,0.11010083965226716
7,51,0.10978872261795343
7,52,0.11020543715533088
7,53,0.11029944326363358
7,54,0.11453504375382965
7,55,0.12107131060431986
7,56,0.13159706265318627
7,57,0.14154501522288604
7,58,0.14477802351409313
7,59,0.1466549742455576
7,60,0.14904426125919118
7,61,0.15398739085477942
7,62,0.14402741076899508
7,63,0.1377389346852022
8,0,0.13987564386106005
8,1,0.14173572016697303
8,2,0.1425909902535233
8,3,0.14402609432444852
8,4,0.14441737754672182
8,5,0.147074920055913
8,6,0.15873927696078433
8,7,0.19219079111136642
8,8,0.22840157303155637
8,9,0.2674192540785846
8,10,0.35769419950597425
8,11,0.4361794864430147
8,12,0.4545484954235601
8,13,0.3876553404564951
8,14,0.29800606521905637
8,15,0.28729762657015934
8,16,0.3016913320503983
8,17,0.31165669759114584
8,18,0.3135592591528799
8,19,0.29382737103630513
8,20,0.2532339657054228
8,21,0.22841515634574142
8,22,0.19287396599264706
8,23,0.149922150256587
8,24,0.14271162444469976
8,25,0.13270730411305148
8,26,0.12550760904947916
8,27,0.1216388178806679
8,28,0.12168064491421568
8,29,0.12345802456724878
8,30,0.13017745672487746
8,31,0.13931806975719976
8,32,0.14743550618489584
8,33,0.16032499425551472
8,34,0.17525892070695465
8,35,0.16401636460248162
8,36,0.17146953507965687
8,37,0.1866211535883885
8,38,0.20294171501608455
8,39,0.2127859676585478
8,40,0.22166083840762868
8,41,0.20708935307521445
8,42,0.1893832337622549
8,43,0.17945969525505515
8,44,0.1720920338350184
8,45,0.16303866517310048
8,46,0.1523837818818934
8,47,0.14189530914905024
8,48,0.12795571719898896
8,49,0.11591928519454657
8,50,0.1080707026462929
8,51,0.10803761201746323
8,52,0.1091924929151348
8,53,0.11201345406326593
8,54,0.11419887168734681
8,55,0.1201183842677696
8,56,0.1298557057100184
8,57,0.14139302571614584
8,58,0.15008993709788604
8,59,0.1545327579273897
8,60,0.1690238204656863
8,61,0.16969436944699756
8,62,0.14508367800245098
8,63,0.1397225772633272
9,0,0.14165757123161765
9,1,0.14524877211626838
9,2,0.14287067488128063
9,3,0.1438986385569853
9,4,0.1435800589767157
9,5,0.14450569900811888
9,6,0.16456556133195466
9,7,0.2196719300513174
9,8,0.2580907485064338
9,9,0.29299400179993873
9,10,0.3553051518458946
9,11,0.4224529789943321
9,12,0.4341051887063419
9,13,0.3832439946193321
9,14,0.312898224475337
9,15,0.3048038258272059
9,16,0.3111782298368566
9,17,0.2967352773628983
9,18,0.3055480358647365
9,19,0.2846053777956495
9,20,0.23904448864506742
9,21,0.23280071183746937
9,22,0.18660344142539828
9,23,0.1541171204810049
9,24,0.14718951056985294
9,25,0.1391042671951593
9,26,0.13309768975949754
9,27,0.12973836263020833
9,28,0.13239793964460783
9,29,0.13754799038756127
9,30,0.1520447375727635
9,31,0.16649828144148285
9,32,0.18871992522594974
9,33,0.19566811954273897
9,34,0.2003467036228554
9,35,0.20541549383425245
9,36,0.20952567306219363
9,37,0.22494464949065562
9,38,0.24449067957261028
9,39,0.26687269023820465
9,40,0.27820673923866424
9,41,0.2661552877987132
9,42,0.2142779181985294
9,43,0.2105502259497549
9,44,0.20115452186734067
9,45,0.18294264849494485
9,46,0.16212098364736519
9,47,0.14887402104396447
9,48,0.13498301786534928
9,49,0.12252466538373162
9,50,0.11366032619102329
9,51,0.10967245662913602
9,52,0.1124029421338848
9,53,0.1173516965379902
9,54,0.12263961492800245
9,55,0.12590691061580883
9,56,0.1332867192287071
9,57,0.14202108944163602
9,58,0.15114548627068014
9,59,0.17047741459865196
9,60,0.17847948261335783
9,61,0.1672115550321691
9,62,0.14656755035998775
9,63,0.1401995490579044
10,0,0.14973623238357844
10,1,0.14518773696001838
10,2,0.14445118623621322
10,3,0.14485000909543505
10,4,0.1448263130935968
10,5,0.14821609796262256
10,6,0.19084538478477328
10,7,0.20886888691023284
10,8,0.22878483790977328
10,9,0.28669936236213234
10,10,0.33230399337469363
10,11,0.3642025816674326
10,12,0.3891447777841605
10,13,0.3378871543734681
10,14,0.3249997606464461
10,15,0.317381316540288
10,16,0.30126953125
10,17,0.3034962373621323
10,18,0.285087615368413
10,19,0.25925430597043503
10,20,0.23303073060278798
10,21,0.21253739899280025
10,22,0.1773370481004902
10,23,0.1557306027879902
10,24,0.14769293093213848
10,25,0.14195347206265319
10,26,0.13982466155407475
10,27,0.14126676671645222
10,28,0.14283148073682597
10,29,0.1595056272020527
10,30,0.1847421085133272
10,31,0.19258315142463237
10,32,0.19572424795113358
10,33,0.19799331964231004
10,34,0.2064181458716299
10,35,0.2156225466260723
10,36,0.22185339834175857
10,37,0.2398794136795343
10,38,0.2535230449601716
10,39,0.2577226825788909
10,40,0.23215326047411153
10,41,0.2569634531058517
10,42,0.26518470913756126
10,43,0.26906935747931987
10,44,0.26808184455422795
10,45,0.2112957524318321
10,46,0.1866195379518995
10,47,0.1598635804419424
10,48,0.14556382123161765
10,49,0.13405558268229167
10,50,0.1253674077052696
10,51,0.1194696164598652
10,52,0.12024482278262867
10,53,0.1247433531518076
10,54,0.13059183756510417
10,55,0.13541636747472427
10,56,0.15863509832643996
10,57,0.22678850959329044
10,58,0.2540442373238358
10,59,0.2142553591260723
10,60,0.20286195044424019
10,61,0.16733159083946078
10,62,0.15760749368106616
10,63,0.14994369207643996
11,0,0.15658455642999386
11,1,0.15145066205193014
11,2,0.14738835353477328
11,3,0.14521227069929535
11,4,0.14510414273131128
11,5,0.16663142185585172
11,6,0.2138332591337316
11,7,0.22063616584329043
11,8,0.25218086990655636
11,9,0.2693417418236826
11,10,0.3157143985523897
11,11,0.3565613391352635
11,12,0.3870700013403799
11,13,0.34755751665900736
11,14,0.35698505476409315
11,15,0.3499536252489277
11,16,0.29951913871017155
11,17,0.28866714776731006
11,18,0.2737362132352941
11,19,0.2526937447342218
11,20,0.22934193330652575
11,21,0.21589959836473652
11,22,0.1789685417624081
11,23,0.15234303193933824
11,24,0.14548722809436274
11,25,0.14591812432981005
11,26,0.14966484518612133
11,27,0.15045608819699754
11,28,0.1667532528147978
11,29,0.19817684397977942
11,30,0.20075689577588848
11,31,0.204850798962163
11,32,0.2021484973383885
11,33,0.20241411994485295
11,34,0.20464339910768994
11,35,0.22002677169500612
11,36,0.22707501579733455
11,37,0.236859130859375
11,38,0.24575482536764706
11,39,0.2564003738702512
11,40,0.2652621400122549
11,41,0.2791734882429534
11,42,0.296705597522212
11,43,0.2885104908662684
11,44,0.29631263882506126
11,45,0.2748599183325674
11,46,0.22600390864353553
11,47,0.182540833716299
11,48,0.15636949726179533
11,49,0.14985884124157475
11,50,0.14328080719592526
11,51,0.13679528329886642
11,52,0.13385967179840685
11,53,0.1348165474685968
11,54,0.1375457763671875
11,55,0.14416306439568013
11,56,0.22632715561810662
11,57,0.33792096306295955
11,58,0.3760447184244792
11,59,0.24759808708639705
11,60,0.21228930903416054
11,61,0.18697701248468138
11,62,0.1714748606962316
11,63,0.1642974853515625
12,0,0.163142365100337
12,1,0.15847802255667892
12,2,0.15602835860906863
12,3,0.14939832500382966
12,4,0.14692592246859681
12,5,0.16728892606847426
12,6,0.2148385440602022
12,7,0.4305054309321385
12,8,0.6858639586205576
12,9,0.3047742656632966
12,10,0.3102420582490809
12,11,0.35244074802772674
12,12,0.35721082500382967
12,13,0.3504367005591299
12,14,0.358410764208027
12,15,0.3437249875536152
12,16,0.29583213656556373
12,17,0.271547025792739
12,18,0.25093742819393383
12,19,0.2686565922755821
12,20,0.26168829226026347
12,21,0.2524212407130821
12,22,0.2039770986519608
12,23,0.162164306640625
12,24,0.1499916824640012
12,25,0.15041755227481618
12,26,0.16028711655560662
12,27,0.17046819948682598
12,28,0.19501695819929535
12,29,0.20874155081954657
12,30,0.20526757333792892
12,31,0.20854234882429534
12,32,0.21122657925474878
12,33,0.21570727778416054
12,34,0.21678137685738358
12,35,0.21861015768612133
12,36,0.23256207634420956
12,37,0.24255694221047794
12,38,0.2603396546606924
12,39,0.2800587373621323
12,40,0.28702578077129287
12,41,0.29583183737362134
12,42,0.29864430147058824
12,43,0.2955075133080576
12,44,0.2907751345166973
12,45,0.2476590025658701
12,46,0.17363287233838848
12,47,0.15893961588541666
12,48,0.15721615062040442
12,49,0.16043252383961398
12,50,0.15996446796492034
12,51,0.15906054926853555
12,52,0.15560171089920344
12,53,0.15343161190257354
12,54,0.15188449036841298
12,55,0.1592046999463848
12,56,0.24143898159849878
12,57,0.31169325884650734
12,58,0.304556334252451
12,59,0.23930035759420956
12,60,0.2156738879633885
12,61,0.19424671846277575
12,62,0.1814950382008272
12,63,0.16963231703814338
13,0,0.17140670477175246
13,1,0.1638323615579044
13,2,0.15997661515778186
13,3,0.15523490157781863
13,4,0.15324473661534926
13,5,0.16305865119485294
13,6,0.20212928921568626
13,7,0.3112011479396446
13,8,0.4273035386029412
13,9,0.31667342840456497
13,10,0.34912743661917894
13,11,0.3557477165670956
13,12,0.34516188677619486
13,13,0.5155266855277267
13,14,0.3910976035922181
13,15,0.3595415900735294
13,16,0.30372942756204047
13,17,0.27238817401960785
13,18,0.2549447452320772
13,19,0.27946735456878063
13,20,0.26524239334405636
13,21,0.25524788650811886
13,22,0.23895640653722428
13,23,0.18843240176930148
13,24,0.16485446107153798
13,25,0.15699061973422182
13,26,0.17213816923253678
13,27,0.188922119140625
13,28,0.20674851361443014
13,29,0.20490471335018381
13,30,0.20899311140471813
13,31,0.21336322859221812
13,32,0.2219333424287684
13,33,0.23188099580652574
13,34,0.23479458678002452
13,35,0.23358782599954045
13,36,0.2600877948835784
13,37,0.25896432913985906
13,38,0.2554312313304228
13,39,0.28122504739200366
13,40,0.29275452856924017
13,41,0.31357703115425856
13,42,0.31339111328125
13,43,0.3233151304955576
13,44,0.3112138336780024
13,45,0.23461937997855392
13,46,0.1492185106464461
13,47,0.14890543619791666
13,48,0.15233387666590073
13,49,0.17148389629289215
13,50,0.19815655876608457
13,51,0.19883524576822917
13,52,0.18722007601868873
13,53,0.17409356809129903
13,54,0.16487414790134805
13,55,0.1717434153837316
13,56,0.21213187423406862
13,57,0.24898352529488357
13,58,0.2361828972311581
13,59,0.21155592974494486
13,60,0.20769114774816178
13,61,0.19262402104396445
13,62,0.18239997414981618
13,63,0.17684852749693628
14,0,0.17255045572916666
14,1,0.16793524050245098
14,2,0.16580337823606006
14,3,0.17643253102022058
14,4,0.16287518669577206
14,5,0.17460608388863358
14,6,0.19552755916819853
14,7,0.2517062916475184
14,8,0.2837668026194853
14,9,0.3289805692784927
14,10,0.40745107613357845
14,11,0.3753198960248162
14,12,0.41823568905101105
14,13,0.5426721909466912
14,14,0.39866350959329044
14,15,0.3701126397824755
14,16,0.3182920568129596
14,17,0.2742206648284314
14,18,0.2694830800972733
14,19,0.29520036285998774
14,20,0.280163693895527
14,21,0.2663724413105086
14,22,0.27347412109375
14,23,0.23169418035768996
14,24,0.2043786740770527
14,25,0.16117326325061274
14,26,0.17203728170955881
14,27,0.19362236471737132
14,28,0.20040061801087622
14,29,0.20681654986213235
14,30,0.21277627383961398
14,31,0.22180247587316176
14,32,0.2340157901539522
14,33,0.24381749770220587
14,34,0.25384916417738973
14,35,0.26874108408011643
14,36,0.28300978716681985
14,37,0.2785062303730086
14,38,0.28938742244944854
14,39,0.30486881031709556
14,40,0.3189907896752451
14,41,0.33553963455499386
14,42,0.33443322275199144
14,43,0.3396137910730698
14,44,0.32532605937882964
14,45,0.27950654871323527
14,46,0.16058445350796569
14,47,0.1468025955499387
14,48,0.153446990368413
14,49,0.19972037521063113
14,50,0.23708208869485295
14,51,0.26273917403875613
14,52,0.24737177830116422
14,53,0.2205554438572304
14,54,0.19379045075061274
14,55,0.1869753968481924
14,56,0.1880435719209559
14,57,0.19214944278492646
14,58,0.18938030168121936
14,59,0.19020391726026348
14,60,0.19069955863204657
14,61,0.18263926786534926
14,62,0.17749460257735908
14,63,0.17323781929764093
15,0,0.18186011220894607
15,1,0.1743063534007353
15,2,0.17086504767922794
15,3,0.20620464250153187
15,4,0.18596783806295955
15,5,0.1821587656058517
15,6,0.2279562557444853
15,7,0.25810062184053306
15,8,0.3323785520067402
15,9,0.36808250277650123
15,10,0.42964058670343136
15,11,0.4795043346928615
15,12,0.49360064338235293
15,13,0.4607648662492341
15,14,0.42043929754518994
15,15,0.395213347790288
15,16,0.3441400266161152
15,17,0.2949343213848039
15,18,0.35512587603400736
15,19,0.3398974250344669
15,20,0.3140896067899816
15,21,0.29994740205652576
15,22,0.2970232795266544
15,23,0.2775302064185049
15,24,0.24620929792815563
15,25,0.1857012580422794
15,26,0.18311570111443015
15,27,0.2022072586358762
15,28,0.1979205561619179
15,29,0.20577955058976716
15,30,0.21419510186887256
15,31,0.2309710932712929
15,32,0.23470177743949142
15,33,0.2477698232613358
15,34,0.26544021905637255
15,35,0.2784481871361826
15,36,0.2865583232804841
15,37,0.2995562983494179
15,38,0.29626901663985905
15,39,0.3195660759420956
15,40,0.3370584525314032
15,41,0.33489397834329043
15,42,0.3355993532666973
15,43,0.3422238219018076
15,44,0.3328989066329657
15,45,0.31211392271752453
15,46,0.2532315123314951
15,47,0.21254380170036766
15,48,0.2384915220971201
15,49,0.26890707576976103
15,50,0.2476630117378983
15,51,0.2595356660730698
15,52,0.28812549067478554
15,53,0.2693890141505821
15,54,0.22216539569929533
15,55,0.2002728032130821
15,56,0.1878052356196385
15,57,0.18988120883118872
15,58,0.18909684723498774
15,59,0.18927833706724878
15,60,0.18149168725107231
15,61,0.17769272748161766
15,62,0.1769817875880821
15,63,0.1756762934666054
16,0,0.21101786295572916
16,1,0.19939204197303922
16,2,0.18050758511412376
16,3,0.2190087411917892
16,4,0.22945598527496935
16,5,0.20439650591681985
16,6,0.2460039924172794
16,7,0.2894515692018995
16,8,0.34034214393765316
16,9,0.3995877135033701
16,10,0.4870166254978554
16,11,0.5483695834290747
16,12,0.5045690199908088
16,13,0.4795865526386336
16,14,0.47241444307215075
16,15,0.4160803701363358
16,16,0.3701616474226409
16,17,0.3888238046683517
16,18,0.3587710511450674
16,19,0.3550930247587316
16,20,0.3461911070580576
16,21,0.3133654426125919
16,22,0.3231131160960478
16,23,0.290510529162837
16,24,0.2813195920458027
16,25,0.21212020574831494
16,26,0.21028885186887256
16,27,0.2013114181219363
16,28,0.2071050905713848
16,29,0.20481585334329044
16,30,0.22114132151884192
16,31,0.23230536965762869
16,32,0.24092030244715074
16,33,0.2588265811695772
16,34,0.26872271369485295
16,35,0.2851220224417892
16,36,0.32946244782092526
16,37,0.32860334807751224
16,38,0.3261571547564338
16,39,0.3194909787645527
16,40,0.34791421329273897
16,41,0.35592202579273896
16,42,0.3435308718213848
16,43,0.3507926192938113
16,44,0.34425736969592524
16,45,0.3275924383425245
16,46,0.33075292250689337
16,47,0.32650738884420955
16,48,0.3123828962737439
16,49,0.3154894062117034
16,50,0.2921649409275429
16,51,0.27837165383731616
16,52,0.28762183095894606
16,53,0.32371197868795953
16,54,0.3107369217218137
16,55,0.24513495950137867
16,56,0.20370992024739584
16,57,0.20994137034696692
16,58,0.20538862639782476
16,59,0.2015356924019608
16,60,0.18712319766773897
16,61,0.17957620059742646
16,62,0.17899397307751225
16,63,0.19588569192325367
17,0,0.23459059771369487
17,1,0.22056777056525737
17,2,0.23087445427389705
17,3,0.22937873391544117
17,4,0.25231849820006125
17,5,0.26121323529411766
17,6,0.29249674479166665
17,7,0.33140426336550244
17,8,0.37712988759957106
17,9,0.44075676413143383
17,10,0.7080027262369791
17,11,0.5429521747663909
17,12,0.5134657317516851
17,13,0.51533203125
17,14,0.49434814453125
17,15,0.4173932243795956
17,16,0.41362113204656864
17,17,0.36040517769607844
17,18,0.2847402535232843
17,19,0.24373127058440563
17,20,0.3888739492378983
17,21,0.3723920036764706
17,22,0.33340986663219974
17,23,0.26208352481617647
17,24,0.26472012388939953
17,25,0.15556694479549632
17,26,0.1883453369140625
17,27,0.21229439529718136
17,28,0.21265821269914215
17,29,0.2235876345166973
17,30,0.22819507075291054
17,31,0.24188914579503676
17,32,0.2511457256242341
17,33,0.27226197485830267
17,34,0.29387925091911765
17,35,0.32776902142693015
17,36,0.34092856014476103
17,37,0.3526860255821078
17,38,0.3427469290939032
17,39,0.3523171219171262
17,40,0.35725486605775125
17,41,0.3584352381089154
17,42,0.3472227208754596
17,43,0.3535101198682598
17,44,0.34562419816559437
17,45,0.3220286051432292
17,46,0.3298651601753983
17,47,0.35861253925398284
17,48,0.3428430295458027
17,49,0.32973375507429536
17,50,0.31620806525735295
17,51,0.314277619006587
17,52,0.31480323941099875
17,53,0.3471649169921875
17,54,0.3505414177389706
17,55,0.31709881950827207
17,56,0.2939317890242034
17,57,0.2570827708524816
17,58,0.2500973570580576
17,59,0.23713301116344976
17,60,0.21925389906939338
17,61,0.2015255797143076
17,62,0.20487192191329656
17,63,0.2335204479741115
18,0,0.2943654976639093
18,1,0.29717826095281863
18,2,0.2602871165556066
18,3,0.2684848561006434
18,4,0.28778375363817404
18,5,0.2922381831150429
18,6,0.314819216260723
18,7,0.34869300991881125
18,8,0.38304640826056985
18,9,0.4570379518995098
18,10,0.5700566908892464
18,11,0.507925235523897
18,12,0.49409371170343136
18,13,0.49969877355238973
18,14,0.5072192023782169
18,15,0.47378803327971813
18,16,0.4293294270833333
18,17,0.4085761575137868
18,18,0.37905877805223653
18,19,0.3114892697801777
18,20,0.3250512814989277
18,21,0.3191218955844056
18,22,0.2811579087201287
18,23,0.19276894962086397
18,24,0.2286043653301164
18,25,0.26732656441482844
18,26,0.23874098833869487
18,27,0.22247577742034313
18,28,0.22957691865808824
18,29,0.23672222062653187
18,30,0.2402069091796875
18,31,0.2550270828546262
18,32,0.2707538081150429
18,33,0.29258410883884806
18,34,0.31134685441559434
18,35,0.3259453866996017
18,36,0.3487975475834865
18,37,0.36106118594898895
18,38,0.36460798674938727
18,39,0.36559490129059435
18,40,0.37102852615655635
18,41,0.3508991316253064
18,42,0.33252012963388483
18,43,0.3225746902765012
18,44,0.31705118815104166
18,45,0.3082110835056679
18,46,0.3485025443282782
18,47,0.366332888135723
18,48,0.3633291805491728
18,49,0.33963096469056375
18,50,0.32586406632965687
18,51,0.3262927485447304
18,52,0.33702602012484684
18,53,0.34186909993489584
18,54,0.3492940266927083
18,55,0.3376135732613358
18,56,0.3344576368144914
18,57,0.33587359260110294
18,58,0.3321429084329044
18,59,0.30877733417585784
18,60,0.2538710650275735
18,61,0.2347887824563419
18,62,0.23095014983532475
18,63,0.24871574850643383
19,0,0.32783675848268995
19,1,0.3268478094362745
19,2,0.29058831906786153
19,3,0.2910403382544424
19,4,0.307611083984375
19,5,0.3068529914407169
19,6,0.3288705863204657
19,7,0.3500797047334559
19,8,0.369413667566636
19,9,0.4014960793887868
19,10,0.4525308646407782
19,11,0.4699957754097733
19,12,0.48077572093290444
19,13,0.48647658404181987
19,14,0.46279979032628676
19,15,0.4330513748468137
19,16,0.4036703072342218
19,17,0.3798345827588848
19,18,0.36585549747242646
19,19,0.3852565989774816
19,20,0.39232321346507354
19,21,0.3956361658432904
19,22,0.3290939031862745
19,23,0.30240191291360297
19,24,0.3042044246897978
19,25,0.2927513571346507
19,26,0.23326338225719975
19,27,0.24030594171262254
19,28,0.24282765107996324
19,29,0.2448401357613358
19,30,0.25793385225183824
19,31,0.2765540029488358
19,32,0.2963384291704963
19,33,0.30134696212469364
19,34,0.3239411597158395
19,35,0.3336143942440257
19,36,0.3452304615693934
19,37,0.3554506788066789
19,38,0.36136193368949143
19,39,0.35124547621783087
19,40,0.3444522633272059
19,41,0.32659397499234066
19,42,0.3012402104396446
19,43,0.27616379681755515
19,44,0.2818447935814951
19,45,0.2948312198414522
19,46,0.31077970616957723
19,47,0.32750118480009194
19,48,0.359811461205576
19,49,0.34287486356847424
19,50,0.33636947332643996
19,51,0.3307409548291973
19,52,0.3298576803768382
19,53,0.3426995969286152
19,54,0.3491732728247549
19,55,0.3411174699371936
19,56,0.34570121017156863
19,57,0.34289131912530635
19,58,0.3331580068550858
19,59,0.32475663727405024
19,60,0.2877489276960784
19,61,0.27637233360140934
19,62,0.29048874798943014
19,63,0.30577494303385416
20,0,0.316690003638174
20,1,0.3374324424594056
20,2,0.33157181085324755
20,3,0.32755755256204044
20,4,0.3173343434053309
20,5,0.3159536922679228
20,6,0.3353628719554228
20,7,0.3470189711626838
20,8,0.3575768564261642
20,9,0.3760657216988358
20,10,0.40606174842984066
20,11,0.4328883750765931
20,12,0.4437625660615809
20,13,0.4676699769263174
20,14,0.45020087747012866
20,15,0.405630553002451
20,16,0.38198738846124386
20,17,0.3683534509995404
20,18,0.36444325166590075
20,19,0.39072397269454656
20,20,0.37459303911994485
20,21,0.37743213129978553
20,22,0.3091181736366422
20,23,0.3050677729587929
20,24,0.30783493939568013
20,25,0.28824905694699754
20,26,0.2537653305951287
20,27,0.266943359375
20,28,0.264608824486826
20,29,0.2700519038181679
20,30,0.2935431386910233
20,31,0.3060570211971507
20,32,0.31447700051700367
20,33,0.3222442626953125
20,34,0.32658326392080267
20,35,0.3354221717984069
20,36,0.3298296760110294
20,37,0.3317476160386029
20,38,0.3504305970435049
20,39,0.33073419309129903
20,40,0.31521989410998774
20,41,0.2948011211320466
20,42,0.25142008463541665
20,43,0.23686050714231005
20,44,0.21215227912454043
20,45,0.23091287051930148
20,46,0.2697442148246017
20,47,0.2673841887829351
20,48,0.3070582371132047
20,49,0.31284993489583335
20,50,0.3302230535768995
20,51,0.3277590284160539
20,52,0.3245898676853554
20,53,0.33163284600949755
20,54,0.35059120327818627
20,55,0.35005008473115806
20,56,0.35720388375076595
20,57,0.3378413780062806
20,58,0.3191077138863358
20,59,0.31295554965150124
20,60,0.30807261747472425
20,61,0.33062091902190566
20,62,0.3238955628638174
20,63,0.3007131539139093
21,0,0.31520541321997547
21,1,0.34178915584788605
21,2,0.35864180022594977
21,3,0.3505743288526348
21,4,0.3294680127910539
21,5,0.31580828498391544
21,6,0.32964423684512867
21,7,0.3407967361749387
21,8,0.3510482488893995
21,9,0.3668185963350184
21,10,0.3909995284734988
21,11,0.41415076162300857
21,12,0.4293215882544424
21,13,0.47564248477711396
21,14,0.46638566559436273
21,15,0.40481334013097425
21,16,0.3879482493681066
21,17,0.3832974303002451
21,18,0.4260932473575368
21,19,0.40648540422028184
21,20,0.3759939754710478
21,21,0.34026692708333334
21,22,0.3108728147020527
21,23,0.3041837206073836
21,24,0.3028383741191789
21,25,0.2872707591337316
21,26,0.29726323146446076
21,27,0.2899518181295956
21,28,0.28630688237208946
21,29,0.3004754159964767
21,30,0.32014991909849877
21,31,0.3274565453622855
21,32,0.32547966452205884
21,33,0.32314506979549634
21,34,0.33022167729396446
21,35,0.3406887278837316
21,36,0.3427240708295037
21,37,0.33075543571920957
21,38,0.3265087651271446
21,39,0.31168356502757355
21,40,0.2965518727022059
21,41,0.19275680242800244
21,42,0.1060412837009804
21,43,0.07549175187653186
21,44,0.07413180482153799
21,45,0.116352814319087
21,46,0.18010630888097426
21,47,0.20926735073912378
21,48,0.2251373291015625
21,49,0.24567829206878064
21,50,0.3009493958716299
21,51,0.3205584956150429
21,52,0.3191493614047181
21,53,0.31642803117340684
21,54,0.3336224724264706
21,55,0.34953140557981005
21,56,0.35056541293275123
21,57,0.3172512877221201
21,58,0.32087785309436273
21,59,0.3096720377604167
21,60,0.3138147690716912
21,61,0.3170431099685968
21,62,0.3090197993259804
21,63,0.30718359853707106
22,0,0.2942479750689338
22,1,0.30716259526271444
22,2,0.32824473661534925
22,3,0.36457938399969364
22,4,0.3417688706341912
22,5,0.31988387762331494
22,6,0.3272826550053615
22,7,0.3359354056564032
22,8,0.34507248822380515
22,9,0.3613034715839461
22,10,0.3749692430683211
22,11,0.39525894464231004
22,12,0.3892043169806985
22,13,0.43081162396599265
22,14,0.4465180640127145
22,15,0.43132922602634804
22,16,0.42840839460784313
22,17,0.4227270986519608
22,18,0.4117289823644302
22,19,0.3786016127642463
22,20,0.36431501799938726
22,21,0.3522898356119792
22,22,0.330566286573223
22,23,0.31111432243795956
22,24,0.2852256026922488
22,25,0.27431520948223037
22,26,0.2837158203125
22,27,0.2902797324984681
22,28,0.3042706059474571
22,29,0.310127228381587
22,30,0.32316116632199754
22,31,0.31978442622166053
22,32,0.3115915335860907
22,33,0.3281062705844056
22,34,0.3297365674785539
22,35,0.34231304093903187
22,36,0.353915465111826
22,37,0.3395800422219669
22,38,0.3129574644799326
22,39,0.2904858159083946
22,40,0.17494171740962008
22,41,0.04785772585401348
22,42,0.04003595090379902
22,43,0.043978702320772056
22,44,0.05362698424096201
22,45,0.054761101217830885
22,46,0.08321293849571078
22,47,0.13408921185661765
22,48,0.1645937452129289
22,49,0.23141192267922794
22,50,0.2987693637025123
22,51,0.308488494274663
22,52,0.2991433536305147
22,53,0.30124433928844974
22,54,0.31817549163219977
22,55,0.3194949280981924
22,56,0.32506905350030635
22,57,0.33212956447227326
22,58,0.3247555601830576
22,59,0.31258987725949755
22,60,0.31073997347962623
22,61,0.3076458500880821
22,62,0.3050640031403186
22,63,0.2958648681640625
23,0,0.31592245662913604
23,1,0.31651994293811275
23,2,0.3225000119676777
23,3,0.3106420778760723
23,4,0.3395436604817708
23,5,0.3458615172143076
23,6,0.34869402717141545
23,7,0.35181795008042277
23,8,0.3474353865081189
23,9,0.35171060001148896
23,10,0.35639869839537375
23,11,0.3626017252604167
23,12,0.36215778425628065
23,13,0.3593562705844056
23,14,0.3977710200291054
23,15,0.43105301202512253
23,16,0.396670592064951
23,17,0.39049269732306985
23,18,0.3861172545189951
23,19,0.3792356603285846
23,20,0.352017152075674
23,21,0.33758981742110905
23,22,0.3073168586282169
23,23,0.25125451181449143
23,24,0.21007851993336396
23,25,0.23476538564644608
23,26,0.2709540872012868
23,27,0.29395728017769607
23,28,0.3038507798138787
23,29,0.31677389705882353
23,30,0.32637700099571076
23,31,0.31652598661534925
23,32,0.3221728156594669
23,33,0.3287085439644608
23,34,0.33761201746323527
23,35,0.3426474776922488
23,36,0.35386065314797793
23,37,0.34066419414445465
23,38,0.30370860380284925
23,39,0.2770776486864277
23,40,0.11748399921492034
23,41,0.05509069106158088
23,42,0.04765912224264706
23,43,0.04869791666666667
23,44,0.05512946633731618
23,45,0.057679180070465685
23,46,0.06556127211626839
23,47,0.09176276711856618
23,48,0.1348370121974571
23,49,0.22385391534543506
23,50,0.2655066995059743
23,51,0.3007114186006434
23,52,0.3089575674019608
23,53,0.3049094405828738
23,54,0.3250597187117034
23,55,0.3394447476256127
23,56,0.3447075338924632
23,57,0.34012840121400123
23,58,0.30087352079503676
23,59,0.308348113415288
23,60,0.3190650491153493
23,61,0.3371264289407169
23,62,0.33571938907398896
23,63,0.3189768473307292
24,0,0.3401833328546262
24,1,0.3221303902420343
24,2,0.3107476327933517
24,3,0.3400875315946691
24,4,0.3530175302542892
24,5,0.358314484240962
24,6,0.36435331456801473
24,7,0.355999875536152
24,8,0.3618188596239277
24,9,0.3457095277075674
24,10,0.3376689836090686
24,11,0.343229705212163
24,12,0.365559357287837
24,13,0.3595238180721507
24,14,0.37861561494715074
24,15,0.36138736500459556
24,16,0.3429388906441483
24,17,0.35128185795802697
24,18,0.36619669596354165
24,19,0.361807310814951
24,20,0.33072348201976104
24,21,0.3043087230009191
24,22,0.25191722196691174
24,23,0.1862691841873468
24,24,0.17214989755667892
24,25,0.19097032733992034
24,26,0.2545458026960784
24,27,0.29668082442938115
24,28,0.3025994394339767
24,29,0.3200601615157782
24,30,0.33463200587852326
24,31,0.31362831265318625
24,32,0.31474244360830267
24,33,0.32543628169041056
24,34,0.3392789354511336
24,35,0.336608767041973
24,36,0.3352073519837623
24,37,0.3176855349073223
24,38,0.29195748123468135
24,39,0.2733771230660233
24,40,0.16903147977941177
24,41,0.08639855478324142
24,42,0.062361713484221815
24,43,0.05841226016773897
24,44,0.06477379892386642
24,45,0.06674200319776348
24,46,0.06910573921951593
24,47,0.09029654708563113
24,48,0.18383370193780638
24,49,0.2622213326248468
24,50,0.29790057014016547
24,51,0.32027456246170344
24,52,0.3175787233838848
24,53,0.3189828311695772
24,54,0.3300679524739583
24,55,0.32696485332414216
24,56,0.34228659237132353
24,57,0.3318698658662684
24,58,0.3206186331954657
24,59,0.30639786065793506
24,60,0.3063110949946385
24,61,0.331800812365962
24,62,0.3473488003599877
24,63,0.337719846239277
25,0,0.3154619403913909
25,1,0.31858747893688727
25,2,0.3294580197801777
25,3,0.33170824237898283
25,4,0.3387413473690257
25,5,0.3356112611060049
25,6,0.3337940290862439
25,7,0.34983257218903185
25,8,0.35553786333869486
25,9,0.3347364837048101
25,10,0.33424455231311273
25,11,0.33010965983072915
25,12,0.3316820331648284
25,13,0.3545935537300858
25,14,0.3675107469745711
25,15,0.34713541666666664
25,16,0.33592427571614586
25,17,0.30014217601102944
25,18,0.3257946537990196
25,19,0.33001020842907475
25,20,0.3292028688916973
25,21,0.2978647269454657
25,22,0.24006054448146447
25,23,0.18642165240119485
25,24,0.1839013193167892
25,25,0.22057183957567403
25,26,0.2667489444508272
25,27,0.2951535692401961
25,28,0.2973869772518382
25,29,0.3132638968673407
25,30,0.3165720023360907
25,31,0.3276483872357537
25,32,0.3272329293045343
25,33,0.3263403799019608
25,34,0.3249053955078125
25,35,0.32935743144914215
25,36,0.3388848398246017
25,37,0.3281145282820159
25,38,0.30038595760569853
25,39,0.27169913497625614
25,40,0.23737715178844976
25,41,0.19903516582414216
25,42,0.1571374631395527
25,43,0.13007579130284927
25,44,0.1273363898782169
25,45,0.13462979185814952
25,46,0.1735024844898897
25,47,0.2295142080269608
25,48,0.2653299967447917
25,49,0.3050605325137868
25,50,0.33002971574371937
25,51,0.33515625
25,52,0.3310046027688419
25,53,0.3190822825712316
25,54,0.305645871629902
25,55,0.31629507027420345
25,56,0.31524730009191176
25,57,0.3137417662377451
25,58,0.3275326597924326
25,59,0.3322014902152267
25,60,0.33073072246476715
25,61,0.345579558727788
25,62,0.33683184455422793
25,63,0.3182644713158701
26,0,0.3228162578507966
26,1,0.3247838637408088
26,2,0.34380564970128674
26,3,0.3455923043045343
26,4,0.3443628647748162
26,5,0.33243731330422793
26,6,0.3297098197189032
26,7,0.3263181798598346
26,8,0.3470471550436581
26,9,0.3403558469286152
26,10,0.3432834400850184
26,11,0.3214421889361213
26,12,0.3270640055338542
26,13,0.3468789493336397
26,14,0.3413989497166054
26,15,0.325570618872549
26,16,0.3285095813227635
26,17,0.30783398198146444
26,18,0.3041582892922794
26,19,0.31265145096124386
26,20,0.31616803337545957
26,21,0.3103295419730392
26,22,0.29774277630974266
26,23,0.28361930099188115
26,24,0.2921715829886642
26,25,0.29528814577588847
26,26,0.2954733455882353
26,27,0.3088773839613971
26,28,0.3176790125229779
26,29,0.3322496601179534
26,30,0.32809095195695465
26,31,0.33178022796032475
26,32,0.32429241105621937
26,33,0.3265526865042892
26,34,0.32875509823069854
26,35,0.3275616814108456
26,36,0.3285297468596814
26,37,0.3225378298291973
26,38,0.3148071887446385
26,39,0.30193080528109684
26,40,0.2920931348613664
26,41,0.2969833074831495
26,42,0.3067389993106618
26,43,0.29575045716528797
26,44,0.26566323673023895
26,45,0.2602995629404105
26,46,0.2671571619370404
26,47,0.28326619466145836
26,48,0.3115322935814951
26,49,0.3349542356004902
26,50,0.3343676997166054
26,51,0.3399139404296875
26,52,0.35227984260110295
26,53,0.33669140385646446
26,54,0.3301308426202512
26,55,0.3038075764973958
26,56,0.30613235772824754
26,57,0.30592352175245097
26,58,0.3290489645565257
26,59,0.3453799378638174
26,60,0.3483618642769608
26,61,0.3429656982421875
26,62,0.3369473326439951
26,63,0.32350164675245097
27,0,0.33818467084099263
27,1,0.3368229286343444
27,2,0.314309632544424
27,3,0.3044270234949448
27,4,0.3012080772250306
27,5,0.31413586186427694
27,6,0.32381537942325367
27,7,0.34680038152956494
27,8,0.34772386737898286
27,9,0.34140397614123774
27,10,0.34854293524050245
27,11,0.34375299191942404
27,12,0.33936988980162375
27,13,0.33119219611672795
27,14,0.32624475815716913
27,15,0.32427170697380514
27,16,0.32421671549479164
27,17,0.3210604200176164
27,18,0.3236860088273591
27,19,0.3191066966337316
27,20,0.31027203728170955
27,21,0.31093630323223037
27,22,0.30260261086856616
27,23,0.29132887896369486
27,24,0.3073086607689951
27,25,0.31707955154718137
27,26,0.3070651185278799
27,27,0.3186913583792892
27,28,0.33614023246017155
27,29,0.3315856335209865
27,30,0.3263455260033701
27,31,0.32377211626838237
27,32,0.3222894406786152
27,33,0.3202716902190564
27,34,0.31816424201516547
27,35,0.32244490081188726
27,36,0.32897943234911153
27,37,0.3314124612247243
27,38,0.3209505567363664
27,39,0.32412821451822915
27,40,0.3082071940104167
27,41,0.2939525529450061
27,42,0.30058282590379903
27,43,0.2976779114966299
27,44,0.29041203517539826
27,45,0.2918266146790748
27,46,0.3115883621515012
27,47,0.31899575626148896
27,48,0.33736428653492645
27,49,0.34676112754672184
27,50,0.3432031369676777
27,51,0.34238197476256127
27,52,0.3456627939261642
27,53,0.3273861155790441
27,54,0.321928435680913
27,55,0.3184881472120098
27,56,0.32018294988893997
27,57,0.3224856507544424
27,58,0.3267295089422488
27,59,0.32652665680530024
27,60,0.32357458974800857
27,61,0.32700907389322914
27,62,0.33308925254672184
27,63,0.3375280642041973
28,0,0.3235650156058517
28,1,0.31431477864583335
28,2,0.30246647853477326
28,3,0.30512647441789215
28,4,0.3279320810355392
28,5,0.3449422798904718
28,6,0.3398618211933211
28,7,0.34089983771829047
28,8,0.33825851141237745
28,9,0.3319607603783701
28,10,0.33587449017693016
28,11,0.33466168571920957
28,12,0.33647951612285537
28,13,0.3300686106962316
28,14,0.32730515423943013
28,15,0.3254127053653493
28,16,0.3208689371744792
28,17,0.3117571064070159
28,18,0.3013655120251226
28,19,0.31331009210324756
28,20,0.3087546554266238
28,21,0.31073805865119486
28,22,0.31169535319010416
28,23,0.3158398198146446
28,24,0.3206522025314032
28,25,0.3241154091030944
28,26,0.31987059350107233
28,27,0.3297493728936887
28,28,0.338082945580576
28,29,0.32565965839460786
28,30,0.3261507520488664
28,31,0.32461260627297794
28,32,0.32068882362515316
28,33,0.3197192622166054
28,34,0.31918987199371934
28,35,0.3160793528837316
28,36,0.3177852855009191
28,37,0.3282516180300245
28,38,0.32712510052849264
28,39,0.33179548674938725
28,40,0.32824659160539216
28,41,0.3246902765012255
28,42,0.3159827737247243
28,43,0.3151626886106005
28,44,0.3181447945389093
28,45,0.32077564912683826
28,46,0.32378288717830883
28,47,0.3251099231196385
28,48,0.3375724642884498
28,49,0.34144053739659924
28,50,0.3397958194508272
28,51,0.32806952981387866
28,52,0.31806688495710783
28,53,0.32141197054993875
28,54,0.3155968759574142
28,55,0.29695362764246325
28,56,0.3085655062806373
28,57,0.3124631993910846
28,58,0.3197095085592831
28,59,0.32458783318014706
28,60,0.3242148605047488
28,61,0.3199478448606005
28,62,0.3303762996897978
28,63,0.3315804874195772
29,0,0.347146666283701
29,1,0.34863484700520836
29,2,0.3443539488549326
29,3,0.33708729463465076
29,4,0.3360751282935049
29,5,0.33610726150811887
29,6,0.33501012465533087
29,7,0.34034812777650125
29,8,0.33630963493795957
29,9,0.3268868839039522
29,10,0.3288933847464767
29,11,0.32963029450061276
29,12,0.3325046913296569
29,13,0.32953754499846816
29,14,0.33020360610064337
29,15,0.33260539933746935
29,16,0.3376422358494179
29,17,0.33996504241344977
29,18,0.33451645795036766
29,19,0.3294236127068015
29,20,0.32251054352405023
29,21,0.3190744437423407
29,22,0.32020497041590074
29,23,0.3171318502987132
29,24,0.3172748042087929
29,25,0.32333768956801473
29,26,0.3277649524165135
29,27,0.3284277224073223
29,28,0.3305563534007353
29,29,0.3307852352366728
29,30,0.32937604118795955
29,31,0.3318166695389093
29,32,0.3365005792356005
29,33,0.3401937447342218
29,34,0.3426837397556679
29,35,0.32941565420113356
29,36,0.32726667815563726
29,37,0.3273138906441483
29,38,0.32910509296492035
29,39,0.33603084788602944
29,40,0.3328427782245711
29,41,0.3409720028147978
29,42,0.34204269109987745
29,43,0.34183600930606617
29,44,0.33416221469056373
29,45,0.33365837545955884
29,46,0.33164182176776963
29,47,0.32354413200827203
29,48,0.3250338685278799
29,49,0.33347760368795953
29,50,0.3320654775582108
29,51,0.32559437471277575
29,52,0.3285711550245098
29,53,0.3248556099685968
29,54,0.3241028430415135
29,55,0.3491588517731311
29,56,0.3656229056564032
29,57,0.36488019157858453
29,58,0.3606530881395527
29,59,0.3610450295840993
29,60,0.3572069355085784
29,61,0.35387549306832106
29,62,0.35329003427542893
29,63,0.3492142022824755
30,0,0.3747523887484681
30,1,0.37381430233226104
30,2,0.3727618647556679
30,3,0.370266663794424
30,4,0.3666290283203125
30,5,0.3647830140356924
30,6,0.36351007199754903
30,7,0.36035964068244486
30,8,0.35597893210018383
30,9,0.3527395211014093
30,10,0.35096627029718136
30,11,0.34910978429457723
30,12,0.3476450003829657
30,13,0.3492159974341299
30,14,0.3482257917815564
30,15,0.35316646800321694
30,16,0.3526283413756127
30,17,0.34677877987132355
30,18,0.3430882472617953
30,19,0.33307064280790444
30,20,0.33488141228170953
30,21,0.33161848479626227
30,22,0.33651338465073527
30,23,0.33514141007965687
30,24,0.33484150007659313
30,25,0.33289920582490806
30,26,0.3347391764322917
30,27,0.33556464700137867
30,28,0.3364092060163909
30,29,0.3391116273169424
30,30,0.34058724197686885
30,31,0.34214854520909926
30,32,0.3446850346583946
30,33,0.3524279426125919
30,34,0.3648507510914522
30,35,0.35807339537377453
30,36,0.35172107172947303
30,37,0.34432803883272056
30,38,0.3392560173483456
30,39,0.3411814371744792
30,40,0.3378198361864277
30,41,0.333859193091299
30,42,0.3346462474149816
30,43,0.33672234030330883
30,44,0.3383861466950061
30,45,0.3408249798943015
30,46,0.3385431626263787
30,47,0.3337359858494179
30,48,0.32424184761795344
30,49,0.32905129825367646
30,50,0.3494595995136336
30,51,0.3529354319852941
30,52,0.35531514485677085
30,53,0.3544242110906863
30,54,0.35057259353936887
30,55,0.34907112869561885
30,56,0.3512263877719056
30,57,0.3550540101294424
30,58,0.36331320369944853
30,59,0.36945136575137866
30,60,0.37186087814031865
30,61,0.3740434833601409
30,62,0.37729294720818013
30,63,0.3763220095166973
31,0,0.3811793907015931
31,1,0.381561279296875
31,2,0.38020384545419733
31,3,0.3805851356655944
31,4,0.3813136680453431
31,5,0.3815314199410233
31,6,0.3814834893918505
31,7,0.3816266228170956
31,8,0.3796221564797794
31,9,0.379278564453125
31,10,0.37671574611289826
31,11,0.37358206954656864
31,12,0.3755242441214767
31,13,0.3764829149433211
31,14,0.3767586502374387
31,15,0.3775174608417586
31,16,0.3799609614353554
31,17,0.3832080317478554
31,18,0.3861931295955882
31,19,0.3888545616000306
31,20,0.3925790225758272
31,21,0.39454950070848654
31,22,0.40232681573606005
31,23,0.404908842198989
31,24,0.406086701037837
31,25,0.41201644598268994
31,26,0.41495427150352326
31,27,0.4169104482613358
31,28,0.41761797736672795
31,29,0.42050631654028797
31,30,0.42125268075980393
31,31,0.42171792423023896
31,32,0.4210260129442402
31,33,0.4188900816674326
31,34,0.41586926030177696
31,35,0.4131365607766544
31,36,0.40971781412760416
31,37,0.40705638212316175
31,38,0.4050552667356005
31,39,0.40394544414445466
31,40,0.4032589183134191
31,41,0.4030600155101103
31,42,0.4016513600068934
31,43,0.3996808220358456
31,44,0.39719435747931986
31,45,0.39589269301470587
31,46,0.39537377450980393
31,47,0.3935847862094056
31,48,0.3846029842601103
31,49,0.37826454312193625
31,50,0.38683669146369487
31,51,0.39326483034620097
31,52,0.39755991019454656
31,53,0.3989584530101103
31,54,0.3988375794653799
31,55,0.3974802054610907
31,56,0.3948824415019914
31,57,0.3937382118374694
31,58,0.39275710161994487
31,59,0.3901517381855086
31,60,0.38932351505055146
31,61,0.3897088144339767
31,62,0.3878548416436887
31,63,0.38286019119561887
